{
    "ADI": {
        "lap_var_min": 250.78582164608704,
        "entropy_min": 4.066034075179459,
        "white_ratio_max": 0.14578782684948885,
        "sat_ratio_max": 0.008104472257653057,
        "tenengrad_min": 8548.572265625,
        "jpeg_blockiness_max": 0.8511592745516547,
        "tissue_frac_min": 0.9120196906887754,
        "class_name": "ADI"
    },
    "BACK": {
        "lap_var_min": 14.71179287865578,
        "entropy_min": 1.1105946296438072,
        "white_ratio_max": 0.18209801498724484,
        "sat_ratio_max": 0.018529110863095156,
        "tenengrad_min": 323.2005523681641,
        "jpeg_blockiness_max": 3.9450891974840543,
        "tissue_frac_min": 0.8223204320790817,
        "class_name": "BACK"
    },
    "DEB": {
        "lap_var_min": 389.87512177857,
        "entropy_min": 6.0143649935481855,
        "white_ratio_max": 0.2159418845663264,
        "sat_ratio_max": 0.03126527954931971,
        "tenengrad_min": 9584.225390625,
        "jpeg_blockiness_max": 0.06635357146420995,
        "tissue_frac_min": 0.8182318239795918,
        "class_name": "DEB"
    },
    "LYM": {
        "lap_var_min": 409.63875849307556,
        "entropy_min": 7.201754841269687,
        "white_ratio_max": 0.162434231505102,
        "sat_ratio_max": 0.0199305112670068,
        "tenengrad_min": 24266.624609375,
        "jpeg_blockiness_max": 0.14223021499192987,
        "tissue_frac_min": 0.8998256138392857,
        "class_name": "LYM"
    },
    "MUC": {
        "lap_var_min": 354.3618837322408,
        "entropy_min": 6.536616200844541,
        "white_ratio_max": 0.2762276785714286,
        "sat_ratio_max": 0.013874495110544218,
        "tenengrad_min": 10883.08203125,
        "jpeg_blockiness_max": 0.17525854776454358,
        "tissue_frac_min": 0.7525410554846939,
        "class_name": "MUC"
    },
    "MUS": {
        "lap_var_min": 293.4580582186164,
        "entropy_min": 6.19601168706466,
        "white_ratio_max": 0.3332469706632653,
        "sat_ratio_max": 0.028519610969387755,
        "tenengrad_min": 9247.578125,
        "jpeg_blockiness_max": 0.2033756537077076,
        "tissue_frac_min": 0.6962790975765306,
        "class_name": "MUS"
    },
    "NORM": {
        "lap_var_min": 210.021855263291,
        "entropy_min": 7.068279634466691,
        "white_ratio_max": 0.18334562340561222,
        "sat_ratio_max": 0.02094161883503401,
        "tenengrad_min": 9279.32998046875,
        "jpeg_blockiness_max": 0.2265225375529619,
        "tissue_frac_min": 0.8566625478316326,
        "class_name": "NORM"
    },
    "STR": {
        "lap_var_min": 289.5898490048607,
        "entropy_min": 6.575955746694713,
        "white_ratio_max": 0.11125239158163265,
        "sat_ratio_max": 0.021797937925170062,
        "tenengrad_min": 10168.3123046875,
        "jpeg_blockiness_max": 0.15141602788049485,
        "tissue_frac_min": 0.9352758290816326,
        "class_name": "STR"
    },
    "TUM": {
        "lap_var_min": 332.2182046276984,
        "entropy_min": 6.7463279674061685,
        "white_ratio_max": 0.24735630580357162,
        "sat_ratio_max": 0.0146886293579932,
        "tenengrad_min": 11865.125,
        "jpeg_blockiness_max": 0.043441834794397,
        "tissue_frac_min": 0.7863749601403062,
        "class_name": "TUM"
    }
}